gene,logFC,pvalue
TP53,1.3421713147947458,2.323809050953483e-05
EGFR,1.0134425832489709,3.6950842906924083e-06
